IMO,MMSI
7412020,308606000
7415137,311989000
7620952,701000821
7723845,701006150
7731062,701000656
7922063,701006098
8008060,701006396
8023802,503567000
8100026,701006104
8120545,701101000
8125052,309919000
8200008,701007048
8515518,533081000
9011129,701006095
9052757,701006410
9105255,518277000
9148776,304020821
9221401,503547000
9226437,319702000
9256030,701007052
9274604,701006099
9287522,701000554
9289635,503471000
9289647,503472000
9300738,375334000
9300740,377173000
9307308,308282000
9307310,308623000
9307322,308335000
9321287,304742000
9328273,308193000
9328388,701006289
9332561,572765210
9337547,565022000
9351775,503512000
9351787,503513000
9355006,376126000
9365128,305542000
9374935,503533000
9376880,563002000
9394002,563304000
9402445,311012900
9408839,423375100
9416484,538003447
9416496,538003448
9416575,305940000
9417505,503575000
9423384,701006188
9427043,311048500
9427055,311048600
9427067,311048700
9427407,503156500
9431070,503583000
9431082,503588000
9433743,305389000
9433755,305820000
9434826,311023400
9435739,311048900
9447639,311052400
9447653,311061700
9447665,258004000
9449053,503554000
9451666,566461000
9455105,636091428
9455117,636091429
9458743,671143000
9476006,305356000
9487134,503563000
9488401,503570000
9492658,564579000
9517836,376937000
9520572,304068000
9524619,503581000
9526344,503591000
9526356,503592000
9526368,503593000
9526370,503594000
9530498,503384300
9541681,218272000
9545223,503723000
9549815,701006384
9550905,572812210
9553919,503702600
9553921,503702700
9554315,503717000
9554327,503711000
9557587,503641000
9557599,503642000
9557965,503414700
9557989,701006497
9559585,503612000
9560211,503598000
9563201,246804000
9568081,564490000
9570175,565348000
9570230,603712500
9570254,603712800
9578490,503646000
9578505,503648000
9578517,503647000
9578579,503783000
9578581,503784000
9581631,503786000
9581655,503787000
9585261,246839000
9587556,605041220
9587568,605041230
9600205,503631000
9600229,503632000
9606510,503742000
9615690,605106415
9615705,605106424
9615717,605026425
9616216,503712000
9622071,605106423
9633800,503012770
9635872,503724000
9635884,503725000
9635896,503727000
9635901,503726000
9635913,503747000
9635925,503746000
9635937,375095000
9644108,503764000
9654127,503678700
9654139,503778700
9667198,466085000
9667801,503004360
9673941,503013220
9673953,503013190
9673965,503013230
9673977,503013210
9679828,503020660
9684639,376789000
9688702,701105000
9693472,503020180
9693484,565219000
9702168,376852000
9721255,701123456
9735086,503011080
9743679,565802000
9743693,565804000
9753337,479890000
9753789,376951000
9479709,311039200
9198343,408738000
9371476,408804000
9367085,408793000
9367097,408796000
9387891,408810000
9660140,408839000
9715098,408574000
9515890,408314000
9530723,408336000
9541473,408344000
9541980,408371000
9497024,408834000
9309318,408774000
9545235,408349000
9545247,408354000
7366427,404736000
7304405,408790000
7931480,408389000
7409396,408308000
7435565,408805000
7907702,408806000
9419046,408325000
9342956,408821000
9559121,375434000
9510498,565935000
9433731,408813000
9524138,408329000
9366304,408791000
9300271,408783000
9307530,408785000
9563005,408342000
9388455,565424000
9660243,408547000
9657727,408849000
7393822,215075000
9522506,408357000
9549891,408831000
9249063,408687000
9576088,408387000
9576090,408388000
9481142,408320000
9533294,408345000
9522518,408346000
9385180,408809000
9684914,408545000
9322592,325228000
9178410,258567000
9261487,205340000
9185932,538006290
9537537,205575000
9220548,205349000
9537525,205566000
9242766,205642000
9220550,205001000
9262742,205644000
9479694,205634000
9322607,325448000
9454888,205565000
8117471,205067000
8406470,258344000
9483748,205618000
9454321,205619000
9406441,205300000
9406439,205234000
8915457,205199000
8603004,205084000
9120140,205177000
8915471,205057000
8915469,205063000
9120190,205233000
9034975,205065000
9034987,205348000
9120164,205188000
9120176,205193000
9314260,205414000
9314296,205417000
9397121,205483000
9365142,205475000
9502714,205546000
9397119,205484000
9502697,205545000
9314272,205415000
9314284,205416000
8915483,205071000
7106059,325616000
8811285,240694000
8126965,422023300
9543665,312090000
9543653,312089000
9534743,312371000
9503548,312461000
9470208,312280000
9683582,312169000
9559547,312631000
9542570,312470000
9603788,312652000
9603776,312477000
9590266,312665000
9536179,312399000
9536167,312080000
7522095,312485000
8509088,312572000
9460758,312427000
9482469,312619000
9482457,312516000
9686508,755022300
9686522,755012300
9686481,755091100
9686510,755022000
9528328,710008890
9528249,710006080
9600580,710022930
9600578,710014950
9339131,710002480
9365582,710003160
9353204,710002860
9528354,710000529
9329966,710002990
9274874,710001540
9329954,710002430
9273258,710052000
9270220,710039000
9270244,710053000
9270232,710050000
9246724,235465000
9457426,710011790
9457488,710012030
9457476,710012020
9668659,710012550
9449144,710003930
9449091,710003710
9449156,710003940
9449077,710003640
9379014,710003910
9718284,710020280
9541722,710001830
9541904,710004480
9541552,710004490
9341847,710000790
9224908,710011760
9573189,710000388
9573141,710112233
8716227,710031000
9341859,710001110
9145451,710000009
9541772,710005290
9174050,710012290
9174062,710012460
9573220,710009750
9205316,710000680
9174074,710000450
8716239,710015190
9541734,710005320
9541746,710005970
9314791,710000350
9573153,710013540
9541801,710004470
9541916,710001820
9573177,710007040
9341835,710002080
9573191,710000391
9679153,710000873
9679165,710017510
9679218,710123456
8716241,710000060
9174048,710000030
9679177,710018340
9679189,710001354
9679141,710016210
9679244,710025760
9283435,710000840
9703629,710015960
9703631,710019330
9339117,576175000
8501880,710999103
8501907,712048554
8501830,710999111
8501828,710999108
8501854,712048557
8501878,710998000
8501842,710999112
9686455,755023456
9572240,710005440
9318448,710001710
9318450,710002090
9530072,710001930
9530187,710004180
9530199,710002880
9530204,710002921
9530175,710002460
9497127,710001450
9423229,710000115
9303493,710001190
9530060,710002520
9555979,710006240
9680786,538005229
9680774,538005227
9530216,710004950
9499204,378291000
9499199,378289000
9581617,345050044
9554303,376634000
9554298,377269000
9681027,376691000
9354997,377561000
9582221,508111160
9765172,376255000
9582221,508111160
7232638,244122000
8662787,207290000
7052911,245797000
7015987,375572000
9649926,316026728
9649938,316029762
9298911,316013360
9298909,316013080
9190391,316011473
9190406,316020345
9187241,316013397
9476379,316028504
7414107,316003669
7434779,316003663
7434781,316003666
9412115,565319000
9412127,565320000
8020018,316003600
8703218,316005721
9039987,316005723
9432971,316020871
9623130,316020869
9623128,316020868
9432957,316018851
9537147,316014995
9193745,316001019
9255907,316004850
9557446,316023651
7420742,316142000
9084047,316005971
9084059,316024256
9017616,375374000
7227786,316003340
9197301,316250000
8131233,316300000
8225486,316302000
9451147,316013808
9451123,316012539
9324928,316006025
7910230,316002900
9324916,316009640
9127588,316163000
9295672,316004240
9174555,316001070
9192117,316002800
9451135,316013045
9255892,316004840
9199115,316002110
9199103,316304000
9557458,316027612
9402457,316028782
9187942,316014070
7402465,370570000
9364368,316019016
9351012,316014268
9473262,316013946
9261607,316025601
9645504,316025785
7041235,316003661
9744219,725001305
9434034,725000636
9453028,725000714
9453016,725000695
9317327,725002750
9299989,725002740
9559509,725000715
9559511,725000823
9434022,725004430
9623154,725001172
9525431,725001346
9384394,725004420
9384382,725000906
9731494,725001276
9528988,725000785
9308326,725000297
9654440,725001404
9705615,725001135
9572783,725000802
9753167,376534000
9662629,725001154
9708344,725001155
9655860,725000927
9673915,725000996
9760976,725001502
9706059,725001134
9734317,726848936
9570163,725000736
9753155,377278000
9074602,413021030
9191981,412681000
9191967,412677000
9564736,413046040
9516961,477622300
9646522,412046140
8908258,412648000
9628312,413046090
9693446,412190000
9493858,413046080
8418461,413104000
9011765,413475590
9191979,412670000
9244910,412684000
9239422,412683000
9640827,413054640
9609328,412050000
9639397,413054610
8418576,413054570
9648271,636016727
9626223,413475660
9717096,413477730
8418629,413376030
9541253,412476050
8404549,412686000
9231195,412669000
9613654,413021230
9185944,413021240
8418423,413102000
8418502,413103000
9164952,412664000
8511483,412687000
9588691,413021130
9588720,413325320
9574298,413021110
9610951,413021160
9546289,413021040
9610913,413021170
9577977,413021120
9588732,413325330
9557771,413323780
9628142,413021220
9565077,413021080
9628130,413021190
9219472,412668000
9254771,412682000
9548079,413356810
9517771,413359580
9169471,232004490
9169366,565340000
9258935,413022000
9545338,413551000
9545340,413552000
9712101,413482290
9712113,413482310
8224468,412461170
9338254,412301860
9344899,412301870
9517159,413486000
9525596,413487000
9538268,413300710
9547116,413301020
9550565,413301030
9235646,412464460
9235658,412464470
9235660,412464480
9318204,413025000
8127000,412300310
9541148,413549000
9557757,413550000
9557769,413301290
9755440,413482440
9755452,413482450
8305016,412300180
8305004,412300190
8304995,412300210
8219633,412300240
8219671,412300250
8219657,412300260
8302870,412300270
9282209,412301360
9289324,412301370
9291767,412301380
9561849,413467390
9561851,413479320
9258959,412301470
9258961,412301480
9258947,413023000
9040041,412300320
8881084,412300330
9696163,413479350
9696151,413480210
9752759,413305240
9752761,441302235
9752773,413482420
9752785,413482430
9534315,477661800
8415445,412461150
8415457,412461160
9005352,477770500
8313817,413696830
9569920,413354840
9570369,413324410
9294707,412324510
9622473,412379620
8501115,413375010
9326471,412021140
9326483,412021170
9372834,413110000
9056557,412885000
9056569,412886000
9631292,412475970
9631278,412475960
9607851,413302910
9585144,412763460
9559810,412472710
9684287,413451160
9381160,412372740
9607461,413304350
9556686,412302850
9592460,412302860
9435727,413480940
9547752,413548000
9559004,413301280
9542386,413300790
9329332,412467680
9630339,412303420
9391854,412355550
9511868,413040040
9548500,413374950
9682019,413304280
9682021,413453930
9060211,413376110
9668958,413362910
9594353,413302210
9598555,413302550
9594004,413302220
9594016,413302560
9536648,412476970
9579640,412762980
9630298,412379020
9357987,412206920
9618056,413442340
9627332,413442350
9653783,413446820
9573385,413301860
9573397,413301870
9573402,413301880
9573414,413301890
9573426,413301910
9573438,413301920
9565431,413355360
9676462,413362680
9573452,413355370
9547556,412043780
9722326,412704260
9445760,413043030
9786504,538006851
9646390,413479480
8843915,412320880
9642643,413326790
9578311,413438190
9690377,412477490
9657272,413696870
9601352,413440190
9663219,413361990
9585156,413439220
9406245,413053520
9702821,413451590
9634141,413443060
9592355,412302990
9417232,412302150
9508184,413316000
9510917,413317000
9589700,413302110
9598531,413302120
9488255,413318000
9500027,413319000
9630341,413449590
7818224,412824000
9241920,730151081
9277242,375589000
9675250,730151035
9517783,730095000
9517848,730093000
9186015,345050061
9121508,730063000
9526837,352719000
9550503,357296000
9396397,730125000
9381093,730044000
9579377,730079000
8424628,730085000
9654414,730127000
9654426,730128000
9654438,730151010
9562556,730151030
9536507,730151136
9637648,730105000
9517745,775994480
9303625,730092000
9695547,730151181
7404138,616149000
7517844,616464000
9205768,616928000
9142758,466501280
9676060,615404000
9600700,615401000
8107048,677037900
8210106,677001050
8108107,677036800
9210830,563786000
9492995,518330000
9545883,518706000
9492995,518330000
9259654,518274000
9545883,518706000
9695779,244810135
8615605,619006000
9366615,238402640
9517599,238258000
7722102,238230000
7722097,238227000
7708170,238234567
8920933,238112940
8715235,238044000
9695559,377006000
9550498,306061000
9510668,306060000
9144677,306147000
9186041,306411000
9660322,306092000
9577472,306044000
9577484,306058000
8607476,306091000
8917209,306366000
9420007,209268000
9369631,212517000
9166364,212570000
9171747,209121000
9166376,210727000
9579602,209028000
9546588,209360000
9007178,219320000
9130729,230339000
8407711,209876000
9517812,375451000
9677947,209855000
9555383,273354980
9568976,212200000
9572496,209483000
8414154,209126000
8211576,259915000
8203141,316197000
9056789,258313000
9631008,375351000
9631010,375283000
9150224,259398000
9406415,212163000
9406427,212165000
8321591,209618000
9419993,209013000
7403146,209005000
9533385,210687000
9383182,503658000
8200333,212839000
9591909,566283000
9369588,210135000
9411915,209895000
9420875,210628000
9163817,212229000
9199995,210396000
9631060,210578000
9375197,209844000
9375185,209398000
8942826,219996000
9413468,220592000
9388584,220583000
9151589,219408000
9151577,219296000
9388601,219017782
9388651,220590000
9388613,219017783
9388637,220588000
9388596,220584000
9388649,220589000
9388663,220591000
9388625,220587000
9246736,235490000
9254381,316130006
9193783,219699000
9425849,220581000
9425746,220580000
9425710,220577000
9425734,220579000
9425722,220578000
8401949,219335000
7921007,219189000
8401963,219555000
9475791,273370090
9423839,219375000
9547867,229877000
9245902,220172000
9245914,220197000
8027779,219829000
8703995,244934000
7533367,219937000
9259238,219002416
7711799,219001543
8027767,265703010
9455404,220582000
9193795,219665000
9198032,219826000
9198068,219011717
9198044,220446000
7404841,219589000
9592977,219449000
8127579,219321000
8418564,219017151
9191371,232808000
9548366,219015425
9548354,219014875
7116858,219942000
9059248,219012959
9192076,219159000
9175250,220476000
9468372,219339000
7401277,518782000
9691448,219018969
9114361,219679000
6930477,219000548
7822421,220124000
9681003,621819018
9680994,621819019
9204386,533000107
9127306,325607000
9596478,622122211
9237333,470683000
9237321,355827000
9645554,503011630
9600463,245048000
9647320,244913000
9704946,244770069
9563861,246627000
9447093,244564000
9494993,235101749
9186027,735059214
9129287,622121525
9680449,622121528
8517633,622122451
9346299,312061000
9346287,312356000
9346275,312355000
9327968,622121646
9327932,622121645
8212142,622121644
8310932,622121620
8120911,622121617
8120909,622121616
8310918,622121618
8123004,622122402
8121355,622122202
8517633,622122451
9314337,622166804
9314325,622166801
9314301,622166803
9314313,622166802
7422283,622122201
9038361,604297409
9569839,622112827
9060572,622123202
9574688,622123244
9581485,252
9581497,622123999
9581502,622111004
9429429,622123000
9544906,622123990
9544970,622123993
9544982,622123404
9547659,564569000
9421506,622121526
9305984,622123242
9218349,622123243
9429405,622123998
9581514,622111005
9375331,276636000
7330337,276809000
9277199,276504000
9287431,276776000
9222417,276421000
9315410,276588000
7607869,259369000
7527875,265548350
9157997,258365000
9602447,231846000
9602459,231848000
9495375,231847000
9342451,231807000
9548342,231809000
9155236,231801000
9108752,231803000
9175262,231805000
9114359,231849000
9407897,231076000
9201786,231067000
9458559,231074000
9358618,231013000
8900658,503777000
8900660,503573000
8900672,503574000
9487823,231085000
8521464,230644000
7422386,230282000
7927946,230178000
7927934,230182000
5412026,230990270
7341166,230985150
7618399,230276000
7917965,230279000
9426958,230989380
8006828,230992970
9230256,230947000
7612644,211215380
9154892,230938560
7407568,230940340
7368580,230995660
8418174,230358000
8503503,230202000
9261190,230660000
9230244,230946000
9682435,230024000
9546540,253260000
9394715,253482000
9619098,253487000
9619153,377315000
9492036,253059000
9269518,228186700
9281970,228327700
9175652,228050000
8104216,227246000
9320934,657122100
9340403,228322600
9351177,228326800
9305831,228193700
9293040,228179700
9393694,228279900
9393709,228284800
9393735,228293700
9393711,228287800
9393723,228287900
9395848,660003900
9032111,227016900
9032123,227272000
9202728,227006760
9202730,227023200
9202742,227006780
9393747,228293600
9393759,228299700
9393761,228299600
9746906,228067800
9122813,227004200
8617342,228051000
9002051,227005260
9002063,227005270
8615617,227004510
8713744,227004520
8521153,227004660
9002075,227005280
9192521,227006690
9192571,227006650
9192583,227006660
9192595,227006670
9192569,227006750
9192533,227006730
9639919,228027700
7305930,227004460
9422172,228283700
9422184,228283600
8402618,227017200
7302732,228124800
9434010,228296900
9398826,228278700
9502702,228344800
9648180,228041900
9280421,228327800
9582764,246196000
9308687,226263000
9308699,226265000
9320922,228329900
9429522,347001900
9653202,246895000
9732735,244850971
9616565,228002700
9327956,213062000
9525962,211574000
9725093,211667760
9725108,211684020
9556026,218413000
9210995,211330370
9107409,211223780
7407817,211223400
9032185,211288480
9376191,218384000
7726902,211215340
9320908,211138300
9429560,218321000
8007200,211218810
9021112,211216480
9021124,211216490
9036234,211216500
9036246,211247120
9158472,211260260
9338993,211876000
9158484,211264190
9214989,211327660
9350135,218003000
9376206,218393000
9376218,218257000
9693252,211625350
9693264,211625340
9429558,218197000
8116702,211290740
9183398,211278240
8912209,211290730
9036258,211207100
9036260,218767000
8500422,211318180
8711409,211316470
8223036,235090761
8912223,211338510
9211212,211690000
9454307,211507280
9454319,211466070
9212278,211334830
9684756,377284000
9647409,211626350
9763241,376333000
8701090,211283410
9684768,377572000
7612620,245116000
9183403,211282710
9207687,211318770
9223681,509833840
8912211,211290720
7619290,211215550
7525205,235090782
7619288,211215560
7417604,211230440
9112739,259415000
8918590,211266470
9689081,376359000
9445863,211436040
9280433,220227000
8128212,211283440
9623142,245439000
9173977,211266430
9405693,211231520
8302088,258229000
9600724,627139000
9600736,627175000
9355848,236309000
9296028,236290000
9609756,236111903
9697105,565958000
9568615,236111629
9571208,236603000
9481037,236491000
9486037,236579000
9489467,538090470
9429508,518297000
9593232,255804260
9722986,241370000
9359480,239842700
9359519,239808200
9199452,239814500
9362504,375787000
9563110,240919000
9557109,240873000
8012011,247268600
8127919,232003478
9080895,503488000
9251975,503443000
9249659,503499000
7230135,241168000
7501364,239806100
7729710,237194900
9131292,503313000
7907415,247607000
6724713,239886300
7382433,373163000
5425619,240922000
5404988,237241100
8811273,241108000
5172731,237106400
9420435,518315000
9430480,518298000
7036137,239249000
8903181,240733000
9020405,239634000
8008307,237070500
7811525,237070600
8008254,240612000
9381469,240917000
9332561,572765210
9376880,563002000
8417845,247034800
9354985,375715000
9248734,240745000
9142772,24143400
9439278,503757000
8523357,239743000
9520467,518342000
9617002,477765400
9600504,477095700
9600516,477847300
9617014,477947200
9277230,477122000
9265615,477042000
9683178,477519200
9682564,477195500
9771303,477478300
9688283,477608100
9688271,477608200
7510561,224020910
9620061,413474870
9318797,533000422
9404211,419001053
9087130,419078400
8127787,419187000
9304710,419562000
8221533,419127000
8122103,419092100
8121159,419084700
7430541,419551000
7724746,419611000
9231523,419001025
9299070,533180020
8513699,419000668
9371880,419060900
9412256,419065300
9630456,419000721
9680827,419000860
9705550,419000955
9191797,419001005
9428554,419773000
9378993,419789000
9149457,564595000
9169354,565142000
9428592,419097800
9443968,419769000
9408425,419702000
9443944,419768000
9198484,259542000
9215531,375042000
9328247,466242000
9429596,565656000
9509205,419704000
9541100,419744000
9299082,419539000
8220292,419129000
8304933,419001900
9428566,419088600
9214458,572753210
9253557,419093300
9421752,419000374
9561502,419000813
8316558,419536000
9019286,419000378
9572812,419000101
9572800,419000102
8316560,419537000
9238715,419057600
9644861,419000408
9780938,419001121
9529047,419000923
9773026,565373000
9205251,419009300
8519083,419621000
9555541,419090700
9555565,419092800
8217568,419059400
9325582,419000168
9448542,419000122
9427732,419000274
9590163,419000167
9719604,572721210
9223368,419000123
9719599,572722210
9152454,419000146
9154933,419000108
9342229,419061900
9626493,419000521
9069932,419067600
8980438,419000107
9453547,419070900
9433779,419067400
9400667,419064300
9512276,419093700
9109237,419077900
9300726,572792210
9221176,419575000
9300714,419053700
8413801,419389000
8413813,419390000
8311730,419400000
8311742,419401000
9549827,564253000
9620906,419000850
9070357,419094600
9127318,372781000
9691383,564657000
9494890,533130059
9270608,525005254
9587934,525003174
9587946,525003213
9550242,525019656
9709879,525019668
9443516,525005201
9546564,525015776
9394662,525015788
9408932,525012205
9422861,525023210
9680475,525005257
9680487,525012277
9661481,572725210
9500340,352363000
9746516,351603000
9428633,525009266
9495193,525018189
9655717,525024165
9541095,525007130
9468243,525021040
9468255,525021041
9560584,525021280
9489144,525019652
9510761,565990000
9559030,525019653
9559042,525019654
9427689,525015940
8968014,564556000
9531296,564049000
9531284,564048000
9328209,525015895
9601364,525015891
9612698,525015908
9659969,566633000
9653680,525005067
9592989,525018129
9246437,525005229
9149445,525005216
9543201,525015903
9548639,525005255
9707405,525005320
9336555,525019583
9695391,572569210
9576698,525003161
9675389,525024138
9693862,525019678
9797565,542200110
9555838,525016552
9655690,525019647
9655688,525019631
9680504,525003221
9501447,564969000
9710361,525023308
9710452,525021293
9636230,525007132
9703186,565167000
9554975,525003173
9548081,563992000
9723497,525024253
9769403,525004125
9558359,565875000
9661546,525023337
9651369,525005225
9242780,525016315
8315279,525016169
9693874,501090000
9246255,525015814
9407641,525004014
9446805,525019617
8207513,525016687
9534937,525016455
9534963,525016456
9534951,525016601
9630195,525016706
9540015,525009098
9504841,566447000
9337200,525024140
9371012,525019352
9564841,525024258
9709673,525018214
9474424,525003109
9572733,525019623
9531337,525012171
9562958,457290010
9640695,525003162
9774721,525024357
8907357,525016604
9756597,525004128
9756614,525004135
9676797,525022210
9676802,525022211
9676814,525022238
9676826,525022239
9676838,525022240
9764544,525022379
9764556,525022380
9764568,525022381
9764570,525022395
9764582,525022396
9505699,525020166
9585091,525000
9646766,525005065
9635133,525010166
9369045,525024006
9314430,525016718
9569891,525019511
9535319,533882000
9649158,525007280
9644914,525003167
9691371,564658000
9691826,525005268
9683702,525021160
9530852,566023000
9683570,422062900
8127036,422054000
9520479,422032900
9727728,374490000
9727716,374485000
9700756,511074000
9743100,511109000
9743564,511207000
9656785,511026000
9656797,512085000
9664421,425001045
9085209,232002070
8402890,250106440
8514693,250109400
9547855,229876000
9112741,250098000
9224817,311457000
9409651,235067338
9348259,235050049
9417828,235075027
9196747,259980000
9239757,235435000
9179751,232980000
9181510,233941000
9198056,219186000
9742041,428066000
9605217,428043000
9667916,428045000
9186572,247356000
9274783,247082800
9379416,247209300
9379428,247243200
9235294,247045700
9553581,247295600
9596753,247320600
9275139,247087200
9275127,247087100
9334911,247141700
9341251,247153600
9442275,247266600
9499656,247278500
9499644,247278400
7114159,247102570
8111740,247256900
9494618,247301800
9385398,247237400
9381495,247237300
9665566,247349900
9428578,247304800
9608788,247325100
9249829,247191500
9249764,247047500
9302853,247102600
9439242,247332100
9421714,247279900
9468762,247284800
9270074,247182400
8318233,247227300
9529061,247278800
9552630,247280800
9606106,247322200
9461037,377267000
9211224,247111500
9183063,247295000
9211236,247111400
9438951,247333900
9769386,247342400
9229219,247077800
9051258,247246000
9460992,247268300
9361495,247187200
9461001,247278300
9423994,256920000
9199062,247202000
9225160,247843000
9764324,247342800
9278454,247100900
9278466,247101700
9289300,247293400
9289350,247099500
9372781,247173600
9524102,247303700
9747003,247351800
9747015,247355700
9163740,247219000
9163738,247204000
9662057,247331300
9319026,247129500
9647411,375679000
9421180,247226800
9722558,271043925
9319014,247130800
9170353,247243000
8703311,247606000
9170327,247214000
9432995,247294900
8518170,247605000
7711672,247075500
9443748,247267800
9443750,247277300
9695597,247342700
9393125,247213700
9351713,247159200
9393113,247194300
9319167,247131200
9359181,247176600
9647459,247331200
9693616,247349200
9615585,247316200
9686998,247333800
9540388,372696000
9540390,373007000
9396402,247222500
9163946,247324000
9257967,247076200
9190418,247841000
9239317,247046500
9129897,247402000
9203344,247545000
9461013,247234700
9461049,247265400
9461025,247235500
9341263,247152500
9152698,247823000
9695535,376846000
9523885,247264800
9526825,247270200
7351068,247438000
7222669,247536000
9237577,372937000
9529437,247277200
9477464,247246500
9477476,247255500
9423994,256920000
9220823,572766210
9229726,247073500
9205782,247120100
9438999,247269800
9439008,247269900
9056105,247120400
9229738,247073600
9205770,24765000
8504325,247034600
9040106,247113500
9040091,247120200
9438987,247295700
9285873,247108900
9440734,247322100
9289427,247090500
9577965,247297700
9449015,235080777
9431678,247215400
8226557,824848428
7917991,247353400
9509346,247257200
9509358,247257300
9323168,210774000
9323156,210951000
9136008,247111000
9563952,247281700
9201566,247409000
9449003,247370200
9170341,247469000
9782730,247361800
9170339,247408000
9136010,247186900
9304394,247115100
9529449,247278900
9359193,247188900
9343948,247185800
9764477,271044321
9217589,247061700
9217591,247082300
9187679,247365000
9328443,247289200
8803355,730087000
9728966,431299000
8131099,431200050
9697911,432929000
9344576,432506000
9400447,432590000
9561576,432745000
9014042,431153000
9580170,432778000
8980361,431200628
9459797,432655000
9523689,432681000
9523706,432746000
9162148,431330000
9113836,431694000
9729659,431117000
9272840,432743000
9234197,431195000
9243722,432301000
9203033,431300812
9669952,432889000
9445344,438036000
9445356,438035900
9314519,563558000
9756171,271044091
9756195,271044214
9756183,438065000
9762974,271044275
9524279,438035800
7404839,436000159
9133886,436000006
8709705,436000295
9741217,538006422
9741229,564711000
9252084,436000090
9190121,436000004
9190145,436000303
8959879,436000148
9552616,434116100
9560118,436000143
9560120,436000144
9560132,436000168
9618393,436000175
9618410,436000176
9263083,436000017
9358333,436000306
9358345,436000036
9400253,436000296
9400241,436000297
9074872,447003000
9438133,566057000
9675901,447213000
9676034,447207000
9676058,447209000
9675913,447214000
9675975,447201000
9676046,447208000
9675999,447203000
9676008,447204000
9675987,376906000
9676010,264402001
9367487,275355000
9444584,275438000
9679775,275435000
8521127,275445000
9190432,277150000
9315422,275305000
9378747,275347000
9389655,275353000
9219599,275057000
9412919,576948000
9571002,273351050
9570993,273350050
9701102,636016809
9474462,636014532
9513957,413475990
9350575,636013037
8028448,636009961
9349100,413470160
8219619,636010226
8407577,636011686
8201404,636009882
8601587,636016347
8501103,636017375
9556765,565670000
9250012,563148000
9214939,538005380
8119601,231019000
9007142,219266000
9007166,219319000
9697117,470725000
9371555,533130177
9427744,636014265
9427756,636014266
9190494,308433000
9047025,311559000
7529952,636011900
9427756,636014266
9427744,636014265
9315331,636015103
9546954,376832000
9588938,533002980
9752008,377585000
7920405,277148000
9550917,277421000
7237262,277149000
9166534,277461000
9751999,376469000
9534731,277385000
9568847,277425000
9729154,376472000
9513505,253379000
9394600,253038000
9568392,228022800
9546552,253177000
9562362,253434000
9394648,253425000
9394650,253431000
9579597,253462000
9573517,253499000
9573529,253498000
9573531,253497000
9573555,253526000
9573567,253512000
9573579,253527000
9619036,253027000
9619050,253013000
9619062,253329000
9619086,253058000
9619139,376899000
9619165,563279000
9513517,253187000
9513543,228022700
9558634,253405000
9558622,253410000
9394636,253088000
9562374,253430000
9394674,228063700
9546576,253472000
9394698,253478000
9573608,253516000
9573610,253538000
9390082,253123000
9751456,253225000
9375379,371174000
9375408,370224000
9421207,372833000
9477012,533130239
9477024,533130253
9270634,563067000
9619141,533130997
9492024,533001370
9394595,533052200
9494888,533130901
9657935,564934000
9565857,533056500
9565845,533056400
9303637,533000280
9587271,533000833
9529281,533880000
9664756,533130937
9664768,533130957
9324253,533932000
9373022,533943000
9543213,533049100
9494711,533876000
9429900,533045000
9297266,533000086
9337559,533000122
9529205,533042700
9390056,253158000
9414864,533800000
9397133,533000501
9376804,533784000
9376579,533000456
9328821,533569000
9375276,533785000
9379179,533000458
9449479,533628000
9308314,533760000
9330886,563254565
9317884,533170248
9413597,533000527
9413602,533000528
9499008,533000723
9555553,533000883
9553531,533000898
9605475,533170089
9357250,533796000
9527398,533648000
9507324,533000727
9535450,533698000
9535462,533570000
9545120,563891000
9467524,533020600
9551430,533000295
9501435,533000299
9501459,533000294
9501485,566273000
9715256,563029020
9715268,563029620
9370604,533000296
9275464,563303000
9275476,563309000
9370616,533000297
9111967,533045600
9111979,533045700
9277125,533001700
9315094,533001800
9296004,533001900
9521253,533180001
9342994,533002100
9489455,533130279
9578828,566795000
9724415,566099000
9537082,533045200
9562269,533046400
9688788,533130174
9577800,533000483
9728588,533130313
9603180,533060700
9585821,533000485
9688104,533130136
9430545,533000478
9585833,533000486
9626649,533000491
9603178,533060400
9610511,533000489
9577812,533000484
9728590,533130369
9296016,533909000
9279276,563004510
9279288,563004540
9554951,533062400
9320817,215939000
9320829,215940000
9328211,533000143
9300245,533000142
9373589,533793000
9537446,533000892
9444077,533065300
9526057,533059500
9536911,533048400
9534119,533059400
9534212,533051600
9680671,533180084
9680231,533180019
8110526,533158000
9676412,533130944
9676424,533130943
9473042,533041700
9537824,533001650
9715517,533130329
7340617,533001400
9509188,533692000
9508811,533690000
9559016,533000859
9559066,533000884
9559054,533000895
9389617,533000526
9537953,532052500
9537941,533052400
9502295,533048800
9474527,533697000
9516894,533000813
9502300,533000755
9438456,533633000
9310111,533558000
9564803,533001940
9541083,533050300
9513921,533887000
7306817,533731000
9530814,533170038
9530838,533170088
9429340,533000549
9645229,533170084
9656618,533130999
9396866,533797000
9561746,533000876
9568366,533000818
9555577,533036700
9592331,533004360
9605463,533170069
9530826,533170178
9532446,533170179
9559133,533049600
9305726,576075000
9369605,533002050
9532563,533039400
9398864,533065100
9606261,533004760
9543184,533001390
9474412,533180045
9237450,447075000
9237448,447076000
9717838,533180111
9717840,533180110
9717852,533180109
9717864,533180113
9717876,533180108
9566368,354391000
9577202,533067200
9717747,533130326
9717759,533130393
9697791,533180119
9690638,533180100
9697789,533180118
9149172,563000680
9149184,563000690
9149160,563000710
9188051,563074320
9188049,563034730
9549853,533000856
9625346,533170183
9594377,533004350
9344796,245355000
9315563,245609000
9454876,311028700
9476408,311026500
9389485,311014600
9402421,311010100
9434814,311023500
9402433,311010600
9476393,311025600
9489479,248219000
9425423,249122000
9752400,256159000
8206961,249560000
9451599,248227000
8206973,248341000
8107062,259916000
8110796,249597000
7725805,256008000
9433767,246617000
9560156,225446000
9489936,249486000
9559250,256947000
9707479,229839000
9489950,248186000
9707455,229790000
9489948,249487000
9707467,229791000
9707481,229840000
9556882,248192000
9559262,256943000
9489962,248187000
9190066,249267000
9474917,249490000
9474905,249491000
9559248,256949000
9559274,256939000
9190054,249268000
9556909,248194000
9556870,248190000
9333888,215942000
9600774,229097000
9618745,229095000
9448188,249040000
9410715,256759000
9448176,256758000
9597355,229295000
9597367,229294000
9495258,249766000
9594999,256607000
9237929,256051000
9203100,248324000
9364124,256000113
9765043,249002000
9727962,229835000
9651345,257974000
9655731,258026000
9655676,258756000
9598919,224718000
9083172,249743000
8116441,256294000
8116439,256438000
9691369,229801000
9551911,248465000
9691357,376368000
9631034,229398000
9513098,247288500
9701982,229975000
9701994,229976000
9505235,563271000
9503108,566862000
9503110,563794000
9407794,538004008
9505223,564998000
9369552,538005768
9419981,538005767
9695717,538006788
9588940,538003761
9541174,538004788
9564451,538003839
9563811,538003838
9523847,538006328
9529073,538006334
9504671,538006350
9463530,538006088
9591258,538003763
9620451,538004277
9588952,538003762
9302360,538004726
9555395,538003493
9555412,538003494
9562271,538004101
9563366,533130192
9609794,538004803
9555424,538003495
9502154,538003333
9489182,538003088
9502166,538003456
9505259,565581000
9299836,564235000
9273715,564244000
9416460,538003182
9376971,566137000
9495222,538005714
9495210,538005250
9468865,563809000
9444106,538003582
9444144,538003587
9444132,538003586
9444118,538003584
9444120,538003585
9515503,533180055
9509190,533180054
9540780,538003649
9505261,565575000
9505247,565560000
9636319,538004735
9540780,538003649
9511492,375622000
9511507,538006269
9579717,538003881
9541899,645399000
9437086,538006333
9444156,538003588
9287405,538002830
9349112,538004814
9480758,538004695
9319507,538002175
9692064,654099000
9326615,345050014
9326627,345050013
9513385,345050022
9513397,345050021
9421582,572702210
9680437,538005571
9558529,538003544
8106991,376606000
9577862,563059000
9598983,730109000
9191292,345070047
9410703,345140006
9410698,345140005
9620920,345030077
9456795,345020017
9456824,345020019
9456800,345020018
9503457,370627000
9259616,345030048
9298026,372227002
9640798,345020028
9319337,345010033
9537410,345140009
9173848,345030069
9345673,345030061
9579779,566076000
8216356,345070058
9390238,730151101
9461752,345070267
9390070,345010071
7726378,345030900
7726366,345070041
9534078,345030094
9575905,345070334
9774771,345007913
9774769,345000500
9680384,375885000
9464194,345050900
9200110,576477000
8204937,316006000
8896302,345070174
7419690,375113000
7613002,518537000
9517874,214180615
9363340,563926000
7909724,457538000
9366718,242903000
9370161,242904000
9344629,242905000
9344617,242906000
9787900,375357000
9652117,242133100
9654658,242177100
9619816,242126100
9557991,659391000
9344784,245164000
9358943,245309000
9315575,245614000
9621522,244885000
9110860,246317000
9428059,246758000
9428047,246759000
9621534,245141000
9398541,636092460
9367516,305241000
9398539,636092459
9367504,305128000
9344966,304953000
9344978,305030000
9646314,244740210
9646326,244790079
9637363,246911000
9541708,246517000
9365116,244616000
9153616,244603000
9264386,246774000
9342102,246375000
7625483,246131000
9163910,244850515
9408645,244790685
9190614,245586000
9174567,244216000
9668037,244830924
9668025,244820145
9060699,245907000
9060704,245906000
9492256,244536000
9035008,244870324
7232626,244230000
9034999,244873250
9360594,244850959
9492880,246566000
9630250,245875000
9572006,244790899
9667863,244790985
9667875,244660818
9537408,205636000
9695482,244850094
9360582,256381000
7328114,246462000
9695614,244870671
9548902,375129000
9646778,245081000
9639737,245674000
9507063,245932000
9451537,244469000
7700180,246538000
9600762,246848000
7528491,244699000
9507051,245931000
9695523,244820548
7719052,246604000
9252527,245354000
9681053,244870016
5422112,246152000
9665023,246877000
9295775,246203000
9705249,244615120
8616269,235056099
9547881,246376000
9229544,244153000
9394026,246547000
9547879,246607000
9192313,244820656
9304904,244009000
9372664,246515000
9548897,244821000
9591569,356286000
9450258,244811000
9382463,245431000
7026637,245205000
9740938,244850156
9643659,245386000
8714267,258395000
9524504,246093000
9524528,246564000
9451252,245188000
9660932,244850974
9660944,244850975
9524516,246350000
9127320,259412000
9201920,352379000
9548885,245479000
9714575,244670918
9646560,246874000
9612806,245460000
8521701,245085000
9466271,245168000
9345506,205013000
9528316,246710000
9487029,244468000
9345491,246526000
9528304,245038000
9528299,246643000
9475923,244177000
9695767,244810134
9444663,244905000
9605449,244184000
9405382,246590000
9760029,244830656
9431903,245039000
9688867,244790875
9646314,244740210
9646326,244790079
9647423,512004499
9476343,376993000
9351189,657124100
9688051,566890000
9591894,565644000
9383170,657121400
9371464,657113400
9359533,565734000
9359521,565732000
9214343,210654000
9537434,657122500
9693630,657119400
9383168,209910000
9569310,657497000
9569308,657498000
9310111,533558000
9591909,566283000
9706669,657119200
9706671,657119300
9190509,309691000
9560209,657452000
9579389,657974000
9596442,657107400
9334624,636015098
9561588,657803000
9586538,572808210
9291030,375196000
9743112,572757210
9375202,212936000
9375173,657113200
9540027,657666000
9679464,375363000
9185023,311049500
9417830,258248000
9424730,257411000
9660073,258738000
9447627,259069000
9447964,257468000
9388962,235062675
9344851,257278000
9361770,258153000
9240952,258528000
9371385,259227000
9157820,259418000
9372169,257282000
9417842,259413000
9417816,258532000
9240108,258562000
9631747,258016000
9171876,259483000
9659062,259827000
9659074,259941000
9186675,259556000
9631759,257085000
9229477,257283000
9346081,235011040
9261877,258813000
9261865,258730000
9447952,257463000
9155054,259435000
9249350,258556000
9266451,259198000
9121053,259331000
9413432,257587000
9435715,257403000
9182203,257118000
9418042,257461000
9364253,259636000
9364265,257295000
9393400,259133000
9418030,259305000
9158666,259469000
9355771,258184000
9235672,258167000
9257929,257174000
9424728,258060000
9203203,258202000
9694804,264402004
9236963,311000155
9272412,311000491
9272436,258079000
9190963,413021210
9557927,257745000
9544425,258072000
8714279,258396000
9462342,259086000
9551894,259087000
9551909,259088000
9544413,257934000
9470478,257577000
9470466,257576000
9442433,259801000
9417725,257662000
9417749,259029000
9417701,257434000
9442421,259083000
9442419,259704000
9417684,257286000
9413444,257733000
9417696,257544000
9417713,257709000
9270397,219400000
9199622,266004000
8316900,235098632
8406482,257220000
9002805,257158000
9420174,258286000
9420150,258555000
9410612,258383000
9360051,258082000
9287041,258196000
7406930,257369500
9334777,258267000
9334765,259250000
9706011,257369000
9502685,259123000
9451549,258242500
7319072,257201000
9432983,257446000
9191905,259622000
9086382,259196000
7403184,257079600
9662124,257417000
9662112,259246000
9334753,259353000
9191890,259577000
8003072,265531370
9424417,259908000
9258571,257764900
8012621,257244500
9008641,259599000
7432290,258318000
7504342,257173000
9200172,259548000
9356191,259367000
9356189,259121000
8414829,258188000
8414817,258189000
9348716,235031241
9317066,259514000
9525508,235076195
9210983,257107000
9429546,258577000
9085194,258568000
7400807,259355000
7400819,258106000
9420019,370054000
9420033,209409000
9420021,209981000
7404229,258361000
9378175,273356920
9393412,273354430
8304828,257257000
8304816,257140000
9394038,244571000
9150224,259398000
9468645,566458000
9468657,566459000
9651345,257974000
9651357,257977000
8108121,258282000
9655676,258756000
9655731,258026000
9161912,247227000
9472232,538003190
9283576,259520000
7222334,258317000
8406157,258283000
9544877,259993000
9669213,257355000
9616163,257954000
9340609,259298000
8223048,257847000
7905235,258122980
6917516,259531000
9404259,259690000
9196515,564827000
7392816,259532000
9698082,257513000
7038642,353079000
9513062,370248000
8954934,572156210
8967254,572211210
9251248,354275000
9680396,375884000
9363338,563922000
9562594,572761000
9705196,375526000
9684770,375539000
9362528,461000228
9592410,376847000
9354973,461000437
9362499,461000039
9715373,461000140
9715385,461000139
9715361,461000136
9715359,375269000
9765237,375695000
9383182,503658000
9765249,376511000
9522166,378111527
9543031,378301000
9543029,378297000
9522154,378290000
9362097,576086000
9362085,576085000
9370264,576284000
9557575,376807000
9589475,511143000
9641728,511145000
9252761,576943000
9468279,563915000
9707247,511138000
7508790,667169000
9259795,576834000
9259812,576904000
9259800,576902000
9220902,247315900
9637569,566324000
9619335,525019586
9376139,371189000
9390745,371183000
9375381,354674000
9421192,351875000
9375393,352009000
9451654,564216000
9451642,525019626
9563641,374430000
9334179,419752000
9586540,525020165
9425576,565361000
9751858,374236000
9428281,351402000
9734070,374641000
9428293,352636000
9428267,356730000
9329485,371525000
9260328,357614000
9734082,374068000
9428279,353583000
9260330,351141000
7635309,354995000
9559781,354216000
9625205,577039000
9379442,370899000
9395862,351574000
9499280,351590000
9746504,353949000
9535955,355859000
9535967,370820000
9216561,355501000
9623001,370742000
9545132,563893000
9448463,370344000
9452878,373536000
9336634,373032000
9581253,357168000
9592630,356368000
9592642,377398000
9543237,356332000
9656773,538005862
9366706,370120000
9415387,375708000
9371658,565388000
9371646,565387000
9417402,371186000
7914470,249952000
8201741,354515000
9515515,210997000
9316488,352372000
8401420,374229000
9002817,371764000
9060364,258510000
9060352,258406000
9513256,356719000
9393905,518295000
9548770,355582000
9564358,357804000
9542506,564455000
9522570,565965000
9080871,525025064
9376969,566022000
8102529,372468000
7617797,241245000
9419333,565495000
9734290,375686000
9734305,375649000
9255543,371195000
7626853,372517000
7378250,441899000
9642473,701103000
9338163,775811000
9067697,354702000
8906169,373203000
7368126,355764000
8113944,375483000
9565974,518401000
9565986,518443000
9212840,357219000
9242077,357220000
9565211,371550000
9572379,357034000
9572367,354242000
9131723,357189000
9299850,352262000
9669603,357160000
9669524,355490000
9669536,353064000
9669598,354832000
9669471,370268000
9669548,373661000
9669500,357791000
9669483,373972000
9669574,370094000
9551612,355055000
9363596,370564000
9551480,356484000
9378852,370774000
9551569,356593000
9551492,373591000
9739898,351316000
9743083,357840000
6607587,351957000
8216590,373938000
8121056,370292000
8517645,370389000
9773870,264402017
9601065,372769000
9651319,352771000
7041625,370901000
8501098,577313000
9600750,373831000
9560596,470541000
9534834,370103000
9520405,538004562
9335006,356385000
9408059,356400000
9531301,355023000
8203218,273418310
9321598,576986000
9321586,576985000
9550008,371948000
9546851,372196000
9305726,576075000
9701762,352431000
9396426,371264000
9665255,353766000
9131735,354099000
9592197,312295000
8216423,370753000
9448413,370776000
9635262,373736000
9333319,353581000
9333321,371214000
9329497,371786000
8102531,529517000
7048398,353522000
8024715,356810000
9546851,372196000
9550008,371948000
9600748,373832000
7325473,373782000
9550797,511137000
9156618,341290000
7128863,356858000
8217740,370793000
8121915,356045000
8126848,355878000
7922312,355982000
9683570,422062900
8224470,351364000
8215699,373677000
8016328,373595000
9295488,353755000
9395587,353232000
9430404,373242000
9573000,563968000
9707338,565993000
9707326,565836000
9576947,371583000
9564982,357940000
9534080,466047000
9229520,353815000
9545144,355756000
9510400,370161000
9413767,372842000
9523691,352768000
9390446,356888000
9459785,356138000
9413755,372215000
9145932,352575000
8017437,622121633
9483645,357308000
9448401,370782000
9520144,357982000
9487732,370346000
9242534,355895000
9245938,357225000
9374246,352387000
8325119,370784000
9655872,345160700
9488516,345160010
9744221,376327000
9332468,345160007
9620918,345030076
8503412,338269000
9545766,370841000
9631022,372314000
8501373,553111825
9796341,375537000
9535503,755053000
9627813,636016720
9545974,755055000
9620877,725000878
9268356,770576269
9643116,725000925
9643104,725000924
9737876,377138000
9686027,548038500
9211004,305658000
9190482,261269000
7628978,261007990
8306668,261026140
9388845,261011460
9175145,261000460
7730757,261001060
7730769,261001070
7937965,261000580
7041546,261010050
9051727,261024110
7642144,261000200
8102581,261000210
9072290,261139000
9279317,261521000
9765055,577151000
8102593,261000220
8136506,261000400
9240354,261003330
9101194,261000140
9375343,276641000
9477048,261482000
9485588,255802990
9319208,255802960
9276119,263619000
9438937,263602560
7902348,263602562
7911428,263601490
9578567,376258000
9554339,345050042
8117483,244190000
9356945,255801960
7508037,263610000
9710153,263429550
9641106,263602551
9641118,263602552
9503512,263624000
9688001,566889000
9252589,466207000
9252606,466216000
9252618,466166000
9328259,466147000
9351945,466130000
9411094,466028000
9458949,466076000
9549700,466250000
9530254,563687000
9645164,466149000
9328247,466242000
9409962,466059000
9421491,466064000
9421465,466501200
9409950,466501210
9351957,466016000
9421477,466501220
9421489,466063000
9421453,466062000
9704398,466409000
9655664,466110000
9278179,466001000
9655585,466109000
8104292,264900215
8407723,264900262
9235036,264900253
9479955,247313400
9704386,466410000
8861266,264800001
8860925,264900021
8861230,264900044
8861228,264900043
8218976,436000229
8944381,273368880
9307504,436000238
9720720,636016681
7824261,273449570
9701114,636016810
9701126,636016811
9171620,259515000
9580704,273324640
8127830,273438220
9600712,273338060
9448190,273380330
9577238,273384330
9201994,273318480
8409290,235092128
9556507,273336230
7391654,273148710
9761279,376357000
9533892,273373720
9521241,273330930
9677478,376947000
8920945,273359640
8726715,273352060
8102074,273417310
9380192,273318770
9356373,273312050
8418411,273410200
8418473,273416200
8418590,273416100
8422187,273418700
8724509,273410800
9463841,273335720
9463853,273334720
8418590,273416100
8418473,273416200
9645578,273352970
9126649,277296000
8112627,258042000
9543067,273354420
8418411,273410200
9631163,273356460
9310018,273312530
9344875,273310710
8724119,273188700
8724107,273216800
9761140,375722000
9605683,273353110
8509935,273437110
8613346,273441150
9724269,244820507
9516272,273385040
9588677,273356080
9595022,273355080
9516284,273384040
9429479,273331920
8724080,273451820
8418435,273131000
9429481,273335530
9673575,273336380
8404537,273349730
9529425,375261000
9688881,377059000
9570711,273351820
8832590,273140100
8877851,273412910
8318166,245128000
9069413,273446400
9069425,273447400
8986315,273434970
8942292,273420120
8995146,273456770
8987034,273425640
8418514,701829000
8747123,273340930
8888915,273343560
8995158,273312140
8112811,434112400
9340790,273435190
9729142,273362790
9360063,273315660
9684823,376189000
9652686,273359670
9486996,273323610
9638991,273354670
9311543,273348430
9487005,273346530
8027133,273325230
9673587,273335380
9705275,563033180
8422242,273428510
9338230,273319940
8682323,273446580
7011606,273350380
9684811,375741000
9503017,565035000
8516988,244113000
9662291,341252000
9206360,563544000
8208373,341053000
9435650,565618000
9435662,565619000
9747845,341333000
8200943,341925000
9744740,437860000
9522051,341289000
9619115,375239000
9619189,376983000
9619191,376966000
9619206,377081000
9394569,377708000
9394571,377123000
9553452,377145000
9394557,377604000
9372690,565422000
9372717,376627000
9372729,376321000
9163829,376998000
9676072,377136000
9415351,376784000
9415375,377417000
9415363,376833000
9415349,377601000
9492983,377484000
9480746,376267000
9425033,377012000
9225304,377511000
9685956,375563000
7500798,375378000
8206985,248210000
9451587,256727000
9695494,375405000
9442809,376169000
7708974,657124300
9408906,565737000
9573983,564177000
9338175,377354000
9622992,376436000
9517800,375404000
7402415,657933000
7402427,657976000
9395549,657112400
7422295,657513000
9386847,657104500
9386859,657105300
9545601,657105100
9528108,657929000
9395537,657105000
9406283,657112500
9596181,657978000
9596193,657977000
9661895,376048000
9690779,375064000
9742833,375469000
9742845,376871000
9690717,376435000
9698496,376041000
9750098,377252000
9698501,375729000
9628025,376453000
9640865,376068000
9545895,377742000
9549889,375506000
9398852,375616000
9314698,377633000
9274719,377352000
9535890,616728000
9614414,376156000
9545194,376347000
9535888,375044000
9583287,376039000
9583275,376748000
8016782,377055000
9395836,228011900
9357286,375488000
9217486,375242000
7217901,375663000
9189536,376844000
9189524,377732000
9257515,563149000
7522136,636011619
7626841,376513000
7530444,377223000
9564669,565416000
9166819,376874000
9667849,375815000
9250024,563177000
8304232,377283000
8301084,375507000
8112835,375697000
9067611,241188000
7610012,245221000
9510670,375767000
9688673,375007000
9533969,503729000
8668250,376444000
7235874,657114900
9253519,376753000
9147514,224806000
9312547,377755000
9485679,376114000
9518945,377613000
8714891,601980000
9206358,377589000
9443499,273378830
9181778,657979000
9581576,376545000
9480825,511144000
8519605,376575000
9388467,565447000
9464209,461000103
9106065,657997000
7390313,657508000
9553579,219018526
9224960,316025599
8518168,240047000
9684782,376529000
9561320,377652000
9768813,377563000
9758791,533180132
9758806,533180133
7610024,377901022
9578555,376224000
9554341,376113000
9434280,377128000
9337535,376002200
9667851,375847000
9528809,376158000
9565508,235073469
7523166,403087000
9295763,403259000
9371397,403266000
9369502,403267000
9659995,403045000
9660009,403276000
9688049,403068000
8921016,403702010
9467380,403576000
9538969,403587000
9420992,403569000
9267584,403137000
9079389,403701410
9079377,403701510
9554858,403009000
9405409,403586000
9079353,403701210
8600088,403114000
8600090,403115000
8600105,403116000
8600117,403117000
9554846,403298000
9079365,403701310
9688013,403072000
9417153,403585000
9450533,403061000
9744738,341915000
9695573,341266000
9357341,228234700
9357274,228234900
8119211,667209900
9337561,371615000
9337573,354518000
9323443,564518000
8219621,667009027
7527631,667420000
7522083,667009029
9662356,566803000
9344863,565251000
9387035,565659000
9538696,564104000
9538701,565457000
9375525,564158000
9375537,564162000
9581320,565428000
9581332,565435000
9538672,565454000
9538684,565666000
9441635,565441000
9441661,565443000
9257230,564959000
9257266,564961000
9257278,564962000
9257280,564963000
9336309,564143000
9336311,564144000
9352444,564164000
9352456,564170000
9352482,563974000
9375551,564026000
9733648,565056000
9733650,565104000
9614658,566334000
9539157,563964000
9443085,565483000
9546679,564514000
9464211,565726000
9545900,566664000
9547544,564534000
9443097,565612000
9547518,563429000
9332456,563352000
9264439,564457000
9269336,525003246
9704257,564790000
9297735,564139000
9614634,566344000
9464259,565981000
9358424,563651000
9368716,563971000
8708775,564493000
9565998,565906000
9566007,565109000
9338785,564530000
9338773,564528000
9550864,563928000
9550876,563929000
9348132,563363000
9342592,564532000
9581265,564210000
9351828,565336000
9351830,565337000
9351842,565338000
9658252,566514000
9624586,566512000
9658264,566515000
9276664,564533000
9276676,563600000
9624598,566513000
9250048,563179000
9340037,565149000
9340049,565187000
9503354,564523000
9503366,564525000
9572977,563459000
9572989,563383000
9560601,563932000
9668831,566733000
9668843,566734000
9668867,566788000
9668855,566789000
9731066,564461000
9683609,563442000
9683594,563444000
9659256,566541000
9659268,566542000
9572953,564750000
9709881,564689000
9728045,566257000
9587910,566140000
9728021,565489000
9728033,565740000
9741607,566188000
9741592,566185000
9503093,563994000
9503081,563563000
9503079,566968000
9537343,566285000
9537159,566895000
9514286,533130947
9514274,565237000
9456197,566757000
9314492,563118000
9314507,563127000
9361653,565691000
9361665,565815000
9443528,565119000
9443530,565627000
9361689,564042000
9361691,566823000
9443542,564046000
9333955,563742000
9456202,563761000
9503378,563337000
9503380,563274000
9503407,566067000
9503421,566196000
9455131,563638000
9455129,564248000
9631395,566775000
9456214,564652000
9631400,566947000
9631412,563612000
9457062,565094000
9631424,563616000
9394612,564876000
9513490,563046000
9492048,565141000
9573581,566174000
9513531,564752000
9394583,564767000
9552628,565903000
9530266,564214000
9582207,564370000
9531325,564340000
9548017,566128000
9594212,565399000
9527489,564350000
9594200,566325000
9548627,564721000
9535515,565023000
9512953,564471000
9502116,563965000
9549994,565522000
9626211,565869000
9503029,564160000
9503055,566581000
9503067,566711000
9503031,566102000
9543196,576792000
9530278,576817000
9605762,576498000
9660255,566553000
9633886,351658000
9401714,576528000
9551442,564027000
9568304,563024910
9568316,563024890
9501461,566108000
9501473,566272000
9275452,563281000
9189172,564742000
9189184,564743000
9539755,563981000
9750880,565233000
9750892,565235000
9172284,565066000
9381885,533130168
9381897,533130167
9374258,565950000
9423877,533130984
9367334,563875000
9371567,565266000
9354959,538005159
9354947,533130176
9315109,351108000
9432725,565310000
9503043,566390000
9359167,563787000
9325166,538005158
9528926,563242000
9528938,563244000
9495208,538005084
9530412,563039000
9545871,566635000
9540778,525018224
9672973,566835000
9468267,563913000
9752541,565327000
9674608,565652000
9568940,565076000
9320582,376967000
9324241,377246000
9655743,566815000
9625114,566467000
9591911,566020000
9724398,565614000
9724403,565837000
9724427,565292000
9499979,565860000
9535357,564154000
9535369,564465000
9543172,565590000
9568952,565011000
9596882,563078000
9596894,563081000
9663544,566682000
9489156,565776000
9537070,564931000
9562257,564542000
9574822,565315000
9663556,566770000
9687461,566924000
9687473,563260000
9734587,473860000
9740237,566670000
9740249,563609000
9739903,563520000
9739915,564292000
9435624,538003083
9476109,538003087
9558517,565844000
9427677,636092517
9570747,533130148
9570759,533130149
9560223,565543000
9558830,564256000
9427885,564932000
9463126,565822000
9408891,565601000
9430002,563888000
9166132,564092000
9449481,565764000
9643350,566596000
9552161,565783000
9552173,236653000
9552185,236642000
9552202,566290000
9609770,566681000
9552252,565019000
9401702,563236000
9552240,533130184
9606091,566435000
9504827,564540000
9461740,770576343
9537886,563741000
9537874,563639000
9585766,566136000
9697715,565356000
9558828,564247000
9527984,319022500
9544669,341149000
9487196,563020000
9418767,564581000
9494319,209774000
9214355,210642000
9635432,564221000
9667784,566717000
8616362,563024740
9739238,565363000
9739226,564016000
8858946,563428000
8844191,564215000
9690119,563297000
9425291,565578000
9465631,565857000
9397078,525015984
9550450,564925000
9684328,563146000
9715115,566004000
9577719,565154000
9752187,565506000
9246243,563002740
9727675,566133000
9727687,566623000
9678446,563826000
9511870,564201000
9382554,565636000
9511882,564839000
9382542,565635000
9382528,565418000
9343285,563918000
9382592,565766000
9382580,565767000
9511909,566657000
9343297,563920000
9329136,563354000
9679268,563899000
9727340,566096000
9727338,565951000
9456472,563009840
9456513,563009860
9456484,563009850
9289611,563030350
9316725,563006410
9315678,563034180
9386067,563009180
9386081,563009230
9386055,563009030
9386108,563009190
9386110,563009210
9386079,563009240
9625982,566033000
9659971,566808000
9664316,566810000
9664328,566811000
9664330,566812000
9659983,566809000
9529542,563721000
9554999,563983000
9582219,375217000
9339870,563057000
9339882,563813000
9300233,564568000
9363742,565185000
9631931,563019050
9631553,563018160
9571844,563014090
9508586,563010740
9631565,563018770
9776913,566648000
9768849,566114000
9787625,564507000
9760689,565595000
9725811,565350000
9457074,563292000
9634452,563022630
9634476,563022640
9508562,563010720
9720794,566486000
9376983,466044000
9532305,311013100
9645217,533170229
9442287,565669000
9361160,565308000
9662368,566804000
9355850,525005297
9735438,565922000
9735414,565924000
8024351,563017000
8029583,563009000
9640803,566521000
9640815,566536000
9670195,563022820
9637662,563019440
9058244,563001230
9555503,563239000
7351977,563823000
8220618,564762000
9555400,564286000
9530424,563166000
9495961,533001620
9691852,566979000
9430301,565415000
9390757,565729000
9438133,566057000
9333979,563756000
9560558,470115000
9371555,533130177
9583304,563060000
9348974,563730000
9522489,565044000
9486099,564317000
9661534,566084000
9661493,572738210
9430301,565415000
9680451,409000000
8104010,677071200
9503550,419705000
9513945,538004712
9319492,312424000
9530254,563687000
9337547,565022000
9383637,354799000
9390757,565729000
9429596,565656000
9538397,565586000
9324588,563086000
9324576,563083000
9291652,563401000
9503017,565035000
9505247,565560000
9558359,565875000
8304335,370746000
9273703,564243000
9592525,566509000
9650107,564120000
9650092,564124000
9380154,565752000
9380166,565751000
9366316,565148000
9355836,525018395
8518182,533130189
9625994,566034000
9573971,563261000
9466685,565703000
9487720,563740000
9491434,565901000
9586021,564133000
9621546,566347000
9753349,330000000
9424338,565374000
9606699,566363000
9631591,577051000
9502477,563634000
9399430,565392000
9549097,565107000
9549114,563570000
9578696,564449000
9578701,564082000
9543134,563627000
9543146,564546000
9579767,566074000
9707352,565554000
9707340,565552000
9554963,566297000
9297759,565445000
9646170,566370000
9553543,565700000
9468633,566284000
9595113,563028680
9396220,308403000
9314519,563558000
9691864,563815000
9596480,566031000
9499981,563286000
9676979,566944000
9616474,566078000
9572408,564083000
9412139,565379000
9412153,565381000
9669017,563762000
9161924,278056000
9584932,278645000
9395513,278301000
7612632,278046000
7305992,278037000
9501409,601159800
9734862,601984000
9483633,441333000
9558476,441602000
9590242,441764000
9693288,441925000
8806228,441797000
8746430,441779000
9142899,440069000
9332377,440320000
8507781,440310870
9740706,440223000
9648130,440002000
9693276,441217000
9498614,441441000
9673111,440137000
9422017,440041000
9582051,440019000
8738902,440102730
9618434,441768000
9695468,441981000
9159488,440827000
9144964,440200000
9774147,440104800
9562623,440207460
8409965,440052000
9402201,225401000
9495234,377783000
9319193,224143000
9440356,224094000
9361419,224585000
9462328,256298000
9462330,225355000
9513048,225389000
9513050,225406000
9387011,377016000
9043811,224824000
9103271,224826000
9067283,224825000
9261097,224081170
9546667,225407000
9546655,224640870
9560182,225415000
9272498,224097430
9289283,224104460
9211016,224220000
9238014,224032190
8506921,224042680
9057692,224828000
9234264,563005290
9234252,563011370
9790945,225984906
9525443,224943140
9740392,225346000
9740380,224013000
9664079,225442000
9225172,370788000
9289348,224121250
9289295,224117450
9245809,224027840
9313890,224121260
9524114,225437000
9201011,224870000
9158020,224550000
9319363,224215290
9257668,224049240
9245811,224056980
9215153,224916000
9319375,224215320
9289271,224289000
9260665,224056990
9332353,224182440
9306897,224161160
9245823,224049190
9402184,224261230
9204453,376437000
9158006,224533000
9204441,377076000
9333876,225427000
9319313,224161170
9319351,224197140
9231860,224232000
9231872,224231000
9332341,224182450
9289269,224121270
9181429,224474000
9201023,224465000
9456898,224096000
9456903,224248000
9313888,224133320
9043809,224217240
9060974,224337000
9071260,224624000
8718768,224046000
8207680,225439000
8207692,225434000
8207719,372263000
8207707,225440000
9402196,224261240
7233125,224187980
7925259,224305230
8816596,224054940
7917484,224017890
7408500,224074340
9039925,224062340
7703704,224024810
9158018,224494000
9111747,224102970
8017346,224142950
7803310,224150720
8107701,377738000
9257656,224069770
9378577,224263640
7129582,224102980
7510559,224020920
7363530,224042670
9378565,224263630
8987230,224083560
9036167,224174240
9338022,224583000
9338010,224769000
9329265,224595000
9429091,224631000
9429106,224703000
9429120,224634000
9184471,224164000
8311417,224590000
9525742,224483000
9525730,224485000
9525754,224493000
9439682,224569880
9439723,224569790
9704219,417222385
9704221,417222386
9771119,376578000
8411683,417222375
9663805,417222374
9223693,417222293
9423815,219395000
9423827,219392000
9199634,265829000
9706085,375183000
9148764,265737860
9198197,265518260
7349106,265567430
8701014,265548360
9744867,265737220
9744879,265737210
9709752,416483000
9709764,416484000
9459307,370781000
9120188,416433000
9387853,416004327
9174593,416003893
8324206,677071300
7621504,373081000
9518713,674010040
8501385,503015000
9550515,376011000
7368578,677037700
8213378,373696000
8301137,354113000
9282572,564953000
9398840,567065900
9720421,567497000
9720598,572803210
9720586,572789210
9720574,572785210
9720603,572804210
9656761,538005861
9753064,533180173
8904678,567000275
9545833,370898000
9543330,370907000
9333321,371214000
8023826,376781000
8890994,576935000
8127359,616980000
9681039,376866000
9681041,377219000
8213160,338273000
8315970,672267000
9705237,362171000
9705213,362164000
9705201,362163000
9705225,362172000
9537836,672707000
9420540,503755000
9392418,311000022
9429534,271010906
9773894,271044389
6513425,271040309
9515072,271041825
9614816,271043408
9622746,271042957
9722572,271043926
9360087,271002453
9747431,271044011
9633379,271043341
9771107,271044215
9766994,271044134
9771183,271123459
9467500,538005070
9703344,271043837
9633367,271043391
8959752,271005004
9598593,271042963
9463164,271002672
9463176,271002673
9598608,271042994
9598610,271043070
9598581,271042939
8959764,271005005
9335939,271001021
9335941,271001022
9703356,271043836
9513086,271040109
9275414,271000671
9587908,434121900
9369643,566021000
9352896,434124600
9701499,434124000
9701516,434124300
9701504,434124400
9549932,470525000
9452115,434124700
9448085,434122100
8210429,434112800
9696278,563816000
9661522,572703210
9651395,572472210
9651400,572473210
9651424,572475210
9644885,572375210
9747168,572815210
9638549,572337210
9661467,572604210
9735385,572818210
9741451,572819210
9661510,572657210
9560845,572507210
9678214,572698210
9619658,572300210
9747170,572816210
9586203,572705210
7113179,470641000
9443499,273378830
8409161,620056000
9543055,272595000
9304849,272441000
9568536,272106900
8501397,272139700
8606496,272888000
9515060,272597000
9513074,272583000
9574250,272628000
9574248,272627000
9443504,272674000
9670860,272701000
9670872,272700000
9697741,470326000
9710373,572756210
9783277,470177000
9356971,470892000
9442940,470952000
9577501,470482000
9678513,470516000
9688594,470514000
9694957,470637000
9585405,470852000
9585388,576493000
9550802,564183000
9397470,470243000
9400631,376372000
9400605,376492000
9203318,470271000
9160360,470359000
9176400,470279000
9224403,470229000
9319727,470221000
9358967,470327000
9530436,376624000
9530448,375521000
9530450,375441000
9771195,271044394
9186297,564117000
9182980,564089000
8008137,470847000
9542958,470508000
8317605,470937000
9501928,470862000
9572173,470107000
9425435,470627000
9572135,470936000
8207549,470816000
9218507,470624000
9397822,470897000
9552604,470760000
9397810,470898000
9403578,470980000
9403566,470979000
7367342,470273000
9543160,470245000
9254317,470849000
9508146,470512000
9492749,470535000
8127165,671602000
9013842,470707000
8129151,470676000
9554779,470642000
9577513,470337000
8112823,470379000
9161352,375731000
9204099,470746000
9204104,470731000
9488346,470491000
9535527,470774000
9560572,470234000
9647368,470471000
9645308,470463000
9529308,470301000
9529310,470403000
9108817,470409000
9569360,470411000
9639749,470147000
9592343,470145000
9566277,470602000
9390795,470978000
9566241,470452000
9013854,470708000
9308936,470817000
9529322,470526000
9566265,470414000
9598749,470146000
9540209,470660000
9505704,563645000
9670676,470236000
9530400,470764000
9067336,470674000
9108805,470410000
9588108,470476000
9529334,470701000
9566253,470386000
9386897,470346000
9085302,470679000
9108790,470675000
9043500,470706000
9654115,376268000
8022236,470433000
9459759,311058200
9249491,235537000
9249518,235766000
9249506,235662000
8516952,577250000
9254379,235833000
9370173,235055303
9389473,235054738
9120152,235074754
9585742,236111872
9488425,235076692
9141156,234487000
9552264,235104474
9570709,247280500
9005340,413303150
9350161,235058304
9408035,235053723
9408023,235053701
9657832,235096265
9316414,235026165
9067269,232001770
9067271,232001790
9140865,232002720
9476044,235063155
9559573,235103213
9407299,235040596
7510626,235084806
8884830,235068328
9765184,235113374
9695585,235113128
9533751,235074703
9533749,235074416
9277618,235025323
9359844,235051735
9015826,235076683
9569023,235101329
9429883,235085775
9655896,235092996
9655884,235102971
9655901,271043295
9178020,235070529
9440887,235068112
8989953,257368800
9412373,235063849
9681675,235100957
9695470,244850093
9359832,235051726
9440758,235066014
9701970,235108268
8914685,232003233
9440899,235068109
9352793,235010620
9193020,235011848
9440746,235063728
9412397,235063854
9701968,235108267
9314349,235026268
9440760,235067991
9270062,235066953
9695602,235113125
9440904,235066353
9695511,235103697
8119596,235106308
9054353,235075439
9563184,235085564
9352729,235050116
9335343,235053237
9698915,235104981
9224829,311456000
9666962,235100661
9206944,235000032
9352731,235050117
9569384,235087621
8506050,232992000
9103893,234285000
9522221,235067942
9341196,235021947
9614012,235087619
9373058,235011590
9557604,235070418
9648544,235106697
9766413,235110567
9579016,367141000
9132337,338469000
7528843,367303490
9183958,366193000
8967577,368105000
9548677,367491660
8968208,367506850
9388132,366885000
9253569,367125330
9253571,369579000
9430507,367563590
7626229,367491650
9681766,367589340
9681778,367589350
9254018,369599000
8969305,368549000
9593141,367507390
9196694,366259000
9163348,368076000
9163336,366048000
9226281,338667000
9213026,338471000
9236937,338280000
9407770,368291000
9407809,366766000
9407782,366665000
9464302,338128000
9464297,367362000
9206839,538004705
9597850,366630000
9597862,367313000
9554004,367523340
9554016,338737000
9231365,338398000
9529762,367405840
9226865,338449000
9232735,338721000
9070266,366767140
9070254,366767150
9552290,367369720
9369198,367076360
9552288,367384780
8817887,366979330
9253583,366919770
8971877,366982320
7531838,367349770
7531840,366982330
9430492,367384610
8016378,366982280
8972950,367154120
8127543,366976860
8127555,366976870
8219023,366982310
8127531,366976920
8219011,366979360
8127567,366982340
7626217,366932980
7047708,367309390
7932379,366982270
9209075,367622850
9207948,338360000
8322258,367554190
8424599,367542850
8203074,367579840
9117260,338131000
8207599,367586890
7902051,367586910
8207604,367586920
9117258,338708000
8973899,338495000
8973942,338703000
8973928,338531000
8973916,338343000
9132246,368030000
8968753,367566980
8701973,366549000
9382853,368400000
9205809,368240000
9132325,338424000
9542568,368515000
9632595,367511240
9643518,369385000
9643520,367530350
9214381,866779420
9530058,303143000
9288655,369336000
9231341,338765000
9653238,367539090
7420429,338724000
7303865,366939780
9053141,367006520
7716983,367369550
9373711,367139510
9132313,366757230
9529724,369552000
9529906,366515000
9565596,367416750
8835102,366981710
9378761,367139590
9219501,338631000
9132105,367061610
9123568,366693850
9385738,367361960
9273569,369223000
9315496,338339000
9273571,369255000
9320415,338517000
9792785,367677130
9637820,367574830
7420431,366946760
7237509,366962220
9034834,367160000
9329320,366875000
7303889,366960890
9645607,367556640
7306790,367308150
9263289,366832740
9383273,367165980
9271119,369702000
9415595,367304990
9536662,367370780
9549968,367382920
9369411,338899000
9103300,366943460
9415791,367423730
9529669,368358000
9385740,367362010
9369409,368413000
9629029,367493020
8213029,367441390
7507423,367441410
7626267,367144870
9180762,366947570
7643174,367441440
7434030,366771810
7501118,367144790
7390868,367366610
8923002,366802680
9572288,368424000
7417393,367366590
8983052,367069420
9264427,367508680
8115916,366977710
8016392,366965970
7048180,366792060
7404126,367144860
7508996,367144880
9558115,367396520
9571181,368438000
8964628,367028770
7507368,366805350
8213017,367461370
7416959,367144890
9653240,367549830
9170688,367006650
9653264,367563930
9127227,368185000
8207587,367144830
8923038,366802690
8332162,367497570
7619941,367497580
8102842,367497640
9730359,367611060
7611949,367497650
9753181,367707490
7420467,367497660
8955732,367409260
7702451,367497670
9253612,367515760
9492684,338616000
9769934,367658140
8121800,366939790
7716995,367305420
8899550,366672810
9529695,368456000
9365336,367108030
8523125,367352720
9415753,367164240
9205055,367300590
9382839,367314000
9529982,368644000
9584176,367435750
9447249,367690000
9503160,367337960
7045982,367448280
9153329,367516470
8943935,367388530
9032783,367361020
9139830,366887930
9398474,303668000
9276470,366855710
9653252,367590780
7802653,366982810
9103295,366943250
9423176,368135000
9472335,367334290
9529889,368485000
9542594,367771000
9369394,368247000
9127215,366940000
7420390,368674000
7029706,367448270
9269702,366897920
9645592,367556630
9786499,367682610
9327267,366966650
7501077,366938440
7420405,368669000
9187552,368148000
7902025,367073370
8506995,303606000
9753179,367654810
9311373,366920510
7644271,366938510
9378759,367123040
7914573,367061980
8218938,303350200
9575876,367428330
9583249,338504000
9423102,303266000
9601821,368109000
9219006,366920340
9405394,367115000
9415765,367336190
9778325,338203000
7316460,366980230
9398565,367349860
8899562,366920920
9530034,369274000
9579896,367469290
9415777,368468000
9415806,367435670
9349930,367483830
7908158,366939820
9160853,369818000
8121812,366941020
9764128,338305000
9560534,367453420
7423512,367315470
9269037,366891140
9748564,367657270
9415583,367153070
7716971,366967370
8201258,367304010
9258791,366844270
9261803,369067000
9269740,366941510
9794680,367707480
9529671,368020000
9529657,367527000
9758777,338134000
9178379,366760680
9207625,366774330
9529877,368552000
9275438,369703000
9395707,367481310
9441477,367501540
9436549,338447000
9436537,369235000
9386548,367036000
9529683,338884000
7908146,366939710
9764996,367648550
8968246,366833610
9139828,366887970
8809983,367006560
9592965,367496470
9369382,367336000
9258806,366866930
9398553,367445000
9085821,366921510
9559779,367390130
7390777,366903920
9219915,366756360
9275878,369567000
9203356,368009000
9503847,367336380
9277369,369580000
9423138,368481000
9423140,367331070
9423152,367331110
9423164,367336580
7517856,367306860
7420417,366939810
8649888,367409990
9175016,368133000
9239707,366841550
8635203,366999983
8846151,338618000
9542609,366904000
7729485,366939750
9565584,367415160
9159696,367416890
7417288,367441370
7939078,366980220
8966717,367003310
9271690,369193000
9354296,367706000
9085833,366342000
9214771,770576271
9298014,770576302
9646235,770576283
9646223,770576278
8519590,770576364
9181431,224524000
8411176,770576067
7011644,770576066
9241138,770576190
9753131,770576367
9753143,377415000
9476915,576670000
9368364,576251000
9382475,576079000
9190925,577182000
7505982,577016000
8516964,577196000
9422885,576415000
9303479,576981000
9555840,576248000
9582192,576255000
9555852,576253000
9578476,576447000
9582180,576254000
9578464,576484000
9625190,577038000
9528093,576437000
9551856,576445000
9589047,576559000
9589061,576604000
9530280,576667000
9533397,576628000
9305738,576077000
9545857,577198000
9316270,576968000
9336218,345070337
9412921,576910000
9427366,576232000
9412933,576217000
9376244,576225000
9412220,576392000
9302528,576983000
9421697,576391000
9355795,576090000
9302516,576982000
9412270,576388000
9355800,576100000
9476903,576266000
9476898,576212000
9439656,576487000
9303467,576980000
9259771,576752000
9418353,576402000
9418341,576973000
9605750,576499000
9527972,576009000
9583548,576308000
9715074,577336000
9715048,577345000
9549102,576652000
9427378,576533000
9300635,576970000
9300647,576976000
9389461,576356000
9439668,576223000
9476862,576058000
9259783,576903000
9494307,576002000
9631606,577022000
9170119,576512000
9170121,576513000
9423982,576422000
9556375,345050049
9556351,576488000
8207551,419000159
9321586,576985000
9321598,576986000
9598000,577274000
8127751,341100000
9476886,576367000
9476874,576008000
9214953,577184000
9362085,576085000
9362097,576086000
9586942,576446000
9370264,576284000
9376957,576412000
9316581,576969000
9476850,576242000
8315619,341984000
9539614,576202000
9539638,576215000
9529891,368124000
9539640,576220000
9512238,576516000
9045352,354790000
9429510,775994460
9407744,775994470
9652143,775822000
9652155,775823000
9570151,725000723
9190561,775111111
9693240,357385000
9700744,370925000
9743095,353835000
9618733,775994450
9579432,775994390
9688805,375321000
9688817,375379000
9667825,376779000
9670987,376071000
9670999,375143000
9671008,375338000
9667813,376032000
9688790,375293000
9487201,563021000
9282352,574002590
9494292,319003300
9532862,574000030
8223646,574080070
8223658,574081071
8119120,574079069
8017114,574102092
8416891,574082072
9427873,574001450
9333967,563743000
9302358,563649000
9178563,574205000
9478640,574983000
9291652,563401000
9528251,563182000
9384526,574374000
9510723,574362000
9413107,565273000
9296078,431301694
9587374,574000720
9738648,574002630
9738650,574002720
9488712,566547000
9105774,447376910
9443932,574002740
9343003,574002640
9741889,574002220
9651333,533130948
9651371,533130962
9298090,533188000
9548134,533040700
9352638,533001500
9625334,533065600
9562128,533040500
9562130,533040600
9548146,533040800
9410375,533013000
9485540,533019100
8015831,247257700
7406980,345050005
9178991,205621000
9417414,305407000
9417426,533130392
9435088,533130391
9439890,305519000
9439905,305547000
9439917,305549000
9439929,305591000
9439931,305592000
9439943,305607000
9439955,305608000
9439967,305617000
9524889,419783000
9547233,419000294
9184988,436000002
9184976,436000001
9476018,305358000
9321146,538002248
9148752,244619000
9711121,375615000
8001244,8001244
9483657,377737000
6504503,224042730
6617881,224075770
6520105,224072840
5031925,230283000
6818863,230990260
9537549,205586000
6504228,276816000
8326929,710001290
7616262,563365000
8624668,563503000
8210883,434112300
7725403,215102000
8980347,564417000
9475961,228296800
9425435,470627000
8826058,564416000
9658288,273359480
7911789,341976000
8123705,255750000
6729438,263700001
9136307,220466000
9181443,224718000
7434808,316003659
9072393,316003667
7406693,316003677
7043336,316005498
9072408,316005715
9065510,338575000
8962486,338854000
8962498,338855000
9319325,345010032
9488528,345010033
8220632,345010044
9488504,345010054
9561318,345010064
9390044,345010067
9456812,345020020
7730575,345020047
9503500,345030026
7729100,345030034
9316622,345030046
9332339,345030055
9471422,345030099
9207675,345050012
9273595,345050016
9630262,345050033
9680425,345050060
9186053,345050063
9540792,345050066
9319349,345060003
8215077,345070057
8305078,345070147
9550230,345070244
9380219,345070339
9380221,345070343
9316634,345160006
9640786,345200021
9276822,351175000
9369423,366341000
9601792,366709000
9178381,366760670
9188570,366764730
9214408,366779430
9214393,366779440
7129477,366811310
9256846,366843420
8218926,366902220
8987917,366926740
7638454,366934280
9228942,366971980
8987723,366972620
8661654,366978690
9125750,366978710
9219575,366978720
7932355,366979370
8987931,366980180
8841943,366980250
8973033,366983440
8987929,366983530
8716631,366984440
9204403,366998410
9204398,366998420
9159713,366998840
9032800,367015060
9032795,367056982
7417379,367069240
9137325,367073820
7047306,367128770
7702487,367151210
9145190,367151240
8993617,367151250
9096911,367186610
8662593,367304650
7200128,367349430
9536129,367357890
9194153,367396670
9194165,367396710
9194177,367396790
8666513,367434360
7301518,367438020
9612105,367464170
9415789,367472580
8991712,367474790
9581124,367511340
9650597,367519450
8845365,367533040
8663793,367548420
9694311,367569830
9706853,367577390
9698824,367578770
9694323,367581220
9717321,367606860
9772905,367608420
9730646,367611520
9772917,367642530
9767924,367646810
9747819,367661930
9747821,367678850
9819064,367719020
9794692,367728870
9748576,367732430
9792773,367740790
8890310,367741120
9824899,367765170
9632583,368031000
9758959,369020000
9813216,369155000
8967589,369514000
9681065,375438000
9649330,376172000
9585376,576001000
7046429,-
7046728,-
7108813,-
7110531,-
7111327,-
7111339,-
7111341,-
7127443,701582000
7206782,-
7211414,-
7219052,-
7225908,-
7321142,701006194
7326439,-
7403031,-
7408768,-
7408914,511511000
7508881,-
7832787,-
8014813,-
8017059,701102000
8017097,423077100
8119053,423173100
8119065,423081100
8226662,423138100
8325365,423131100
8409173,503438000
8418526,423076100
8510881,503437000
8806979,503637000
8806981,503636000
9040209,503341100
9053177,311026800
9105267,503000085
9139464,503185500
9240275,423112100
9246073,423113100
9276846,605016462
9305257,701006423
9332365,605016463
9343235,701006100
9356282,503098900
9357834,503096300
9366249,304180000
9366823,304184000
9373292,725003760
9396593,423374100
9399727,503558000
9408748,503160200
9423372,701006184
9509554,503229800
9529554,503399200
9534236,423339100
9565182,304027000
9570242,603712200
9581629,503772000
9587491,605121110
9588055,376365000
9606522,503743000
9358797,408786000
9541485,408347000
7529380,408711000
7510640,408794000
7510638,408795000
7636901,408718000
9662253,408845000
9684926,408560000
7230410,353739000
9481130,408321000
7623899,529237000
9537513,205558000
8409305,205086000
9365130,205474000
9247326,205360090
9247338,205360190
9247340,205252690
9522477,312036000
7401265,312789000
8003979,312913000
8006000,470598000
9457440,710001780
9457361,710010830
9457347,710010820
9449132,710003720
9457359,710010850
9457373,710000869
9449089,710003690
9603673,710005860
9671694,710011940
9592159,710005640
9318424,710076000
9573206,710008780
9341823,710002070
9145463,710000549
9440629,710001810
9440552,710003880
9440617,710001460
9440631,710011770
9573232,710000467
9174036,710012290
9424895,710003280
8615540,710000110
9573218,710009340
9440540,710003470
8716253,710000050
9457335,710010840
9463138,710007410
9628661,710005050
9555993,710005810
9628659,710002240
8501892,710999979
8501866,710999000
8650045,710000411
9686467,755112211
9529786,710001510
9555981,710006410
9556002,710005350
9318436,710000077
9278894,710001400
8732623,710001120
9556014,710008030
8732611,710000960
8732594,710002550
9517850,375218000
9612337,508038000
8662799,207298000
8991176,207289000
7051034,207351000
7032193,207352000
9225550,613002510
9017604,316013860
8519215,316001101
6912437,316001413
7420730,316238000
7420754,316232000
9175303,316274000
9175298,316266000
7408770,319951000
9572795,725000801
9147851,725004200
9620372,775090000
9113290,725000490
9528976,725000763
9317339,725003170
9113288,725000480
9362516,725001137
9476056,725001049
9549803,725000787
7013812,725000172
9734329,377099000
9184483,725005700
9570149,725000722
9258648,725000149
9155664,564760000
8831027,412320870
9209051,725000369
9012197,730043000
9675224,730151031
9675236,730151028
9675248,730151019
9454072,730054000
9454060,730053000
9436800,730044001
9449041,730062000
8979257,730151009
9515058,730072000
9658070,375825000
7800526,730098000
9517757,376091001
9562544,730151022
9635949,376891000
7409384,616792000
8223634,616463000
7403134,616333000
7411404,616400000
8102658,616521000
9142746,209434000
9370678,419578000
9253533,518275000
8418198,227152000
7211177,377295000
9577226,775994400
8715247,238163000
9705184,323110000
9496290,306010000
9274599,306767000
9579418,306080000
9387023,533130085
9204374,212017000
9679476,212298000
9631058,210211000
7418335,219000599
9507386,218286000
9707429,219017733
8814328,375535000
7347689,227004380
7347691,227004390
8022652,345060006
8875322,372011000
8987424,245119000
8938239,725000324
9186065,345070218
6723795,735059008
8306424,622121511
9680499,622128041
8215065,622122303
8113164,622121643
7391721,622121642
8121276,622122206
8209468,622122006
7422336,276791000
9304899,276585000
9320910,228321800
9372705,228325900
9377614,565505000
9395850,660004100
9202754,227006770
8521165,227002960
9192519,227006710
9192545,227006720
9192600,227006680
9192557,227006810
9211432,227011370
8822791,540002840
8988131,540000980
9259422,227609980
9031143,227072990
9681936,227186230
7314709,227005240
9689067,227233030
8120600,227009990
6618457,227010010
9099119,227011310
9688893,355273000
7818339,277147000
9412141,351398000
9199440,239814400
8616257,247221700
6413613,237075800
8129204,237110500
9227132,242064000
5152690,239536000
6418429,237147300
7435589,334559000
9323730,477990500
9323742,477991600
9323754,477991700
9298210,477995158
9277905,477995159
9369796,477109600
9278997,477331000
8127775,419188000
9146510,419007300
8421157,419006900
9193006,419413000
9412268,419065100
9528263,419000765
8308458,419255000
9236808,563121000
8308496,419259000
8220307,419130000
7505528,419605000
9592513,419000596
9226449,210577000
9208332,210139000
9208344,210557000
9219111,419041600
9511571,419079800
9219123,419031900
9170925,419069700
9640920,419000593
9356218,419072300
9356206,419098700
9159634,419000373
7705611,419078700
8974893,419094400
9094339,419070200
9676498,419000812
9433781,419067500
9571129,419000525
9269324,419061700
8311704,419398000
8311728,419399000
9517733,419000282
9219109,419041400
9444766,419073200
9385544,525005252
9620891,525021290
9501411,565038000
9524956,525005281
9640877,525016737
9640451,525016727
9448475,525016736
9524334,525016253
9541710,525016361
9555826,525016510
9620425,525004107
9572381,525007251
9569085,563013710
7401253,525015771
8300781,525016502
8300793,525016525
7047198,525017028
7330325,525019592
9644902,525003166
9398034,525004013
9536533,564011000
7435307,525015348
8218237,525019517
9205110,525021178
8312241,564033000
9070345,525024092
9447835,525015732
9596351,525010142
9510412,525019536
9654361,525018222
9530840,525015387
9697208,525018275
9520417,525010273
8650435,525021170
7368346,422005000
8313908,422912000
9329887,422818000
7806221,422043600
8119259,422022300
8201442,377709000
9075448,422025900
8201428,341148000
9348235,355986000
7222968,250001795
7224162,247099700
7907398,247105400
9035022,247019100
9035034,247018600
9051246,247150700
9225720,247027500
7817141,247130900
9361500,247209600
9013218,247120900
9146522,247353100
9108532,247180900
9048419,247304700
7929097,247090000
6906737,247575000
7824560,247080100
7929073,247131100
8403600,247005400
9070060,247034700
8219516,247034300
9005819,247155000
9644378,431002676
9677301,431003246
9644366,431002219
9660970,431003749
9459486,431000267
9511557,431000742
9561526,431000987
9094470,431101128
9700627,431005054
9310458,431301711
9674426,431004067
9403750,431101149
9472517,431000462
9261944,431100997
9524267,438035700
8022884,438037400
8729107,436000223
8213079,352655000
9675896,264402008
9682538,447196000
9675872,376712000
9675884,447212000
7403196,275458000
8219152,636010891
9474474,419000645
9427665,636014198
8844531,308063000
9427653,636014137
9619024,566561000
9394545,253219000
9553464,228016700
9394703,253441000
9579614,533065500
9488683,533062000
9543225,533048900
9324265,533936000
9288631,533000085
9381304,533956000
9448126,533377000
9358606,533375000
9377626,533051900
9467536,353372000
9354715,533000773
9313383,533000554
9313371,563564000
9072317,533000219
9118599,533000552
9192210,533000553
9072305,533000213
9118587,533000551
9192208,533000555
9545261,533000482
9430557,533000479
9545259,533000481
9474515,533696000
9502283,533000815
9316713,533000569
9444089,533065200
9534248,525005234
9625126,574002080
9534121,533640000
7333913,533000480
9356828,533790000
9655729,533834000
9480813,533000966
8215912,533905000
8213952,533904000
9318723,533772000
9596595,533130907
9409211,533636000
9713131,533180092
9369942,533000137
9449637,533000763
9556894,248193000
9376220,256876000
8922333,256000370
8216851,256000340
9269506,538003339
9324227,538002456
9336232,538002669
9227106,538005078
9468621,566101000
7401019,376295000
9169079,345070162
9378981,345050020
9471410,224443000
9305374,345030052
9276975,352725000
9003328,345000000
8418772,345070193
8418760,345070192
8113578,457813000
9654660,242176100
9079432,242091000
9079444,242092000
9619828,242125100
9654593,242134100
8985969,246343000
9597317,247240900
9190626,245548000
8103078,244690362
8103066,244690361
9481752,245555000
9556612,246642000
9411109,246569000
9605437,246805000
7422324,276584000
9345518,210444000
9647435,512003558
9411898,512000322
9681015,512004509
9679816,512004035
7523192,255801470
7827146,657248000
9558878,565943000
9383209,657120600
9406130,210457000
9406142,210489000
9600499,209061000
9380178,657113300
8201753,312505000
8121886,576950000
7408067,657475000
7230460,657545000
7400780,657296000
7391159,657178000
7368114,657242000
8121874,576187000
8201387,657179000
8207563,657400000
8201777,576996000
8206856,667789000
9327944,210617000
8202628,576999000
9560261,657806000
8127361,657107300
9447641,257845000
9352377,258511000
9166613,259495000
9196503,564826000
9103752,235096211
9196498,564825000
8876900,572223210
9242065,352315000
9234240,461006000
9257400,576701000
9221188,576627000
6904595,667202200
9489883,357385000
8325092,355039000
7704588,355115000
7637084,370976000
9385283,567326000
9660267,355459000
9350305,567000690
9476381,311022800
8214023,273432410
8309933,306864000
8107165,355210000
9164287,563426000
8410225,232004565
9669550,357329000
9669512,372798000
9669562,355435000
9669586,356986000
9669495,351117000
9551595,354002000
9551533,354574999
9551545,351801001
9363584,370472000
9551600,370585001
9551624,371453000
9551478,354756000
9551583,352644000
9363613,356165000
9363601,356497000
9551571,370763000
9551557,371897001
9363572,370483000
9182693,372456000
7349778,408828000
7405912,371520000
8121408,372013000
7366817,352049000
9409974,357223000
9431068,370827000
8123169,352413000
8215704,371032000
8119223,341843000
8107713,351093000
9658214,373647000
8820743,377312000
9205744,345050027
8216435,371887000
8418631,371731000
9658202,373650000
9484259,352788000
7037741,730096000
9147849,725000780
9018933,503419000
9316531,760999909
9673903,725000995
9268368,760001050
9570307,760122000
9335927,730126000
9662277,760000690
9599547,375684000
9599561,377288000
9571478,354921001
8411047,548032500
9565194,304028000
9263461,255622000
9252591,466151000
8405050,341304000
8330140,466025000
7800021,264900261
8130693,273431330
9319997,273314550
9402160,273318460
9410466,273318760
8418617,273413100
9389605,273325800
9389590,273324800
9369241,273315760
9613551,273369290
8418447,273187700
8884969,273453670
8892019,273456070
8882454,273411410
8422175,273141100
9629770,273335660
8885195,273438420
8973837,273444910
8613334,273531629
8995160,273443690
9307724,273318120
8606484,273132000
9384265,436000014
9402407,273348020
9533983,273330410
9541863,273332910
8892021,273455070
9613549,273358680
8724092,273411020
7504768,341055000
7911088,355328000
9043926,377615000
9513529,377403000
9356361,376298000
9356359,657111000
9694103,376913000
9706009,375106000
9429950,657105600
9429948,376415000
9694141,376042000
7041443,375012000
7503477,375101000
9322932,375157000
9600346,377576000
7310791,375194000
9229893,377778000
7625299,377644000
9601053,375407000
8517621,375409000
7623887,377168000
8211564,375122000
8127490,657507000
7827512,657104300
7343853,376271000
7213979,377907279
9450545,376968000
9264374,663076000
8619041,227004440
7368918,667003089
7403122,667971000
7805227,667005051
8117990,667007048
9294434,564792000
9441647,565442000
9187564,564833000
9250036,563201000
9246425,563688000
9236810,563125000
9270610,563065000
9270622,564612000
9257527,563144000
9731078,564474000
9578397,566665000
9314480,563113000
9361641,565561000
9361677,565900000
9503419,566075000
9619074,566791000
9619103,566885000
9619177,566921000
9532874,563749000
9605384,566236000
9627320,566269000
9371490,563010290
9320958,563006980
9412555,565339000
9367346,533130197
9419395,370743000
9309265,563120000
9635729,566186000
9574834,565597000
9545780,636015010
9457256,563372000
9443956,419767000
9164079,564091000
9336646,566394000
9552197,566293000
9552214,566374000
9609768,566655000
9585754,566239000
9510228,246618000
9410129,563008480
8312796,564541000
8317291,563388607
8135203,563007580
9382530,565438000
9289623,533000095
9315666,533000199
9636620,566470000
9572161,563014110
9670200,563022160
9647954,566912000
9058268,563001220
7517648,667003069
7424798,564445000
7400388,563718000
7626255,564424000
7407283,563341000
9627863,572696210
9380180,565754000
9527582,564940000
9572393,564003000
9275713,565488000
9667796,566718000
9257254,566131000
9490272,566875000
9616462,566077000
9491276,565940000
9636498,373686000
9636503,355844000
9586277,601147700
9586289,601152100
9602203,601135800
9602057,601126300
9602071,601135600
9602045,601119500
7613753,503410000
9535474,440313260
9043823,224827000
7504732,224686000
9397444,224478190
9052991,224096750
9397432,224350690
9260342,224057430
7905455,224084960
9204465,461000003
9142760,466501300
7516785,224225150
7321673,224242270
9114892,224333000
9116539,224256690
8411164,224589000
9429118,224860000
9361299,224271630
9361304,224292160
8891819,237515400
9574262,375799000
9629794,377041000
9199646,273356480
9241231,265703540
5354327,265510630
7922776,677031500
9351880,567000620
9281114,567437000
9720419,567498000
9592408,567453000
9452309,567482000
9429912,567431000
9213765,431003092
8402981,567053700
7913763,567000259
8821151,567000880
8514992,567000259
9128788,567061700
9135377,567000349
8955782,567062400
9057898,431101083
7321829,567053800
9217345,271010353
9237759,271010355
8943686,271010118
8943698,271010117
9488695,434124800
9576557,434122200
9651412,572474210
7826087,572664000
8201416,272257000
8201430,272173000
8741648,272025700
8509947,272246000
8418588,272016000
8728531,272256000
8119106,272014000
7230161,376411000
7395648,470542000
9400629,376374000
7529419,470000348
9298856,470945000
7505516,470378000
9188300,470682000
9254305,470815000
8301125,470780000
8317643,470909000
9327217,470914000
9506605,470903000
8303769,470474000
8610289,232101000
9476317,235066588
6409064,235097104
8111556,232003127
9221293,235013522
8133827,235050126
8420945,232003492
9424003,235052547
9533763,235074296
9345685,461000037
8816338,235089841
9433523,271010634
7303138,357145000
9412385,235063852
9206956,235000031
9114957,232002144
9114945,232002143
8963208,367070480
7434028,366949850
8983090,367047370
9231353,338255000
9529736,367405770
9529748,367405820
9529750,367405830
8851209,366773150
7517739,367516000
7827160,369351000
8216370,366623000
8983040,366904210
8830932,366984540
9650406,367552410
8127347,366847000
8875437,366982190
7908134,367160320
9618484,367525230
8201222,366827390
8964616,366768480
8644565,367097920
7029512,367324010
8923399,366802880
7507447,366887510
8134285,367299180
7713498,367306490
9568407,338048719
8964836,366765580
9618874,367509850
9650391,367539920
9668790,367523580
8991047,367010390
8875310,366795510
8635186,366999982
8635198,366999984
9227560,366837130
8648468,367144810
8923026,367045410
9163324,368527000
9137272,770576209
7393999,770576126
8821436,770576264
9532850,576159000
9320946,345010037
9422976,576467000
9354961,577026000
9359820,576041000
9336220,576245000
9443982,576399000
9421702,576503000
9268435,576955000
9376232,345050048
9410818,576166000
7512131,657909000
8213146,576949000
9585390,576495000
8127385,576625000
8123171,576997000
8314689,576998000
7368865,576386000
9512226,576506000
8119613,576203000
8202604,576992000
9622980,371182000
9622978,355823000
9672533,352837000
9517587,775994270
9369538,775806000
8979611,376696000
9670913,376999000
9389629,533637000
9447615,574000540
8423246,574083073
7601671,574119109
9017680,574077067
9274393,563386000
9457244,574000560
9541186,574975000
9237852,574213000
9513933,574919000
9336206,574281000
9246126,574335000
7923926,574153143
7923938,574063053
7407738,574071061
8654273,367514370
9671371,533130986
9538878,533180062
9522453,533020700
9623972,533062100
9547245,419000298
9547269,419000127
9524906,419781000
9527453,564921000
9416563,305943000
6523717,224042690
8203206,434111500
7901980,434112500
8107957,434112700
8216344,434112100
8127048,353377000
8302973,434112200
8224482,312878000
8119077,423079100
8119118, 423080100
8119132,423072100
8409147,503670000
8422228,423121100
8606472,423094100
8208646,-
